{
  "source_image": "image-testing/door2.jpg",
  "trajectory_points": [
    [
      0.15,
      0.4
    ],
    [
      0.18,
      0.45
    ],
    [
      0.18,
      0.47
    ],
    [
      0.18,
      0.52
    ],
    [
      0.15,
      0.48
    ]
  ],
  "image_coordinates": [
    [
      39.449999999999996,
      217.60000000000002
    ],
    [
      47.339999999999996,
      244.8
    ],
    [
      47.339999999999996,
      255.67999999999998
    ],
    [
      47.339999999999996,
      282.88
    ],
    [
      39.449999999999996,
      261.12
    ]
  ],
  "point_count": 5
}